Date,Open,High,Low,Close,Adj Close,Volume,300ma,100ma,80ma,40ma,20ma
2017-01-03,103.43,104.029999,102.809998,103.480003,103.480003,2277400,103.480003,103.480003,103.480003,103.480003,103.480003
2017-01-04,103.739998,104.370003,103.5,104.139999,104.139999,1712600,103.810001,103.810001,103.810001,103.810001,103.810001
2017-01-05,104.129997,106.019997,103.769997,105.910004,105.910004,2504000,104.510002,104.510002,104.510002,104.510002,104.510002
2017-01-06,105.980003,108.43,105.25,108.300003,108.300003,2625600,105.45750225,105.45750225,105.45750225,105.45750225,105.45750225
2017-01-09,107.959999,108.790001,107.559998,108.57,108.57,2925000,106.08000179999999,106.08000179999999,106.08000179999999,106.08000179999999,106.08000179999999
2017-01-10,108.57,108.790001,107.610001,108.260002,108.260002,3081000,106.44333516666666,106.44333516666666,106.44333516666666,106.44333516666666,106.44333516666666
2017-01-11,108.230003,109.050003,108.0,108.989998,108.989998,1784000,106.80714414285714,106.80714414285714,106.80714414285714,106.80714414285714,106.80714414285714
2017-01-12,107.989998,108.739998,107.160004,108.589996,108.589996,1617900,107.030000625,107.030000625,107.030000625,107.030000625,107.030000625
2017-01-13,108.839996,108.900002,107.980003,108.529999,108.529999,1593500,107.19666711111111,107.19666711111111,107.19666711111111,107.19666711111111,107.19666711111111
2017-01-17,107.790001,108.050003,107.059998,108.0,108.0,1696200,107.27700039999999,107.27700039999999,107.27700039999999,107.27700039999999,107.27700039999999
2017-01-18,108.5,109.169998,107.529999,108.790001,108.790001,2536900,107.41454590909092,107.41454590909092,107.41454590909092,107.41454590909092,107.41454590909092
2017-01-19,108.629997,109.980003,108.040001,109.790001,109.790001,3090500,107.61250050000001,107.61250050000001,107.61250050000001,107.61250050000001,107.61250050000001
2017-01-20,110.019997,110.809998,109.57,110.709999,110.709999,3179200,107.85076961538462,107.85076961538462,107.85076961538462,107.85076961538462,107.85076961538462
2017-01-23,110.709999,111.919998,110.300003,110.970001,110.970001,2574200,108.07357185714285,108.07357185714285,108.07357185714285,108.07357185714285,108.07357185714285
2017-01-24,111.459999,114.169998,111.339996,113.720001,113.720001,3654400,108.45000046666665,108.45000046666665,108.45000046666665,108.45000046666665,108.45000046666665
2017-01-25,113.769997,114.57,113.290001,114.25,114.25,3919300,108.81250043749999,108.81250043749999,108.81250043749999,108.81250043749999,108.81250043749999
2017-01-26,113.790001,114.440002,112.730003,112.879997,112.879997,2745200,109.05176494117646,109.05176494117646,109.05176494117646,109.05176494117646,109.05176494117646
2017-01-27,113.07,114.010002,112.75,113.989998,113.989998,1696800,109.32611122222221,109.32611122222221,109.32611122222221,109.32611122222221,109.32611122222221
2017-01-30,113.220001,113.870003,112.260002,113.82,113.82,2176500,109.56263168421052,109.56263168421052,109.56263168421052,109.56263168421052,109.56263168421052
2017-01-31,113.220001,113.75,112.699997,113.379997,113.379997,1716600,109.75349994999999,109.75349994999999,109.75349994999999,109.75349994999999,109.75349994999999
2017-02-01,113.309998,113.639999,112.68,113.360001,113.360001,1859100,109.92523809523809,109.92523809523809,109.92523809523809,109.92523809523809,110.24749984999998
2017-02-02,112.82,113.580002,112.269997,113.160004,113.160004,1695400,110.0722729090909,110.0722729090909,110.0722729090909,110.0722729090909,110.69850009999998
2017-02-03,113.550003,115.449997,113.419998,115.169998,115.169998,2507500,110.29391313043476,110.29391313043476,110.29391313043476,110.29391313043476,111.16149979999997
2017-02-06,114.68,114.830002,113.290001,114.459999,114.459999,3067500,110.46750004166665,110.46750004166665,110.46750004166665,110.46750004166665,111.46949959999999
2017-02-07,114.830002,115.190002,114.540001,114.959999,114.959999,1643500,110.6472,110.6472,110.6472,110.6472,111.78899955
2017-02-08,115.0,116.379997,114.449997,116.129997,116.129997,2591700,110.8580768076923,110.8580768076923,110.8580768076923,110.8580768076923,112.18249929999999
2017-02-09,116.260002,116.900002,116.019997,116.440002,116.440002,1688900,111.06481477777777,111.06481477777777,111.06481477777777,111.06481477777777,112.55499949999998
2017-02-10,116.510002,116.940002,115.029999,116.849998,116.849998,2612900,111.2714284642857,111.2714284642857,111.2714284642857,111.2714284642857,112.96799959999998
2017-02-13,117.029999,117.940002,116.199997,117.650002,117.650002,1910400,111.49137927586206,111.49137927586206,111.49137927586206,111.49137927586206,113.42399974999998
2017-02-14,117.650002,117.790001,116.669998,117.580002,117.580002,1556500,111.69433336666665,111.69433336666665,111.69433336666665,111.69433336666665,113.90299984999999
2017-02-15,117.330002,119.089996,117.07,118.730003,118.730003,1699600,111.9212904516129,111.9212904516129,111.9212904516129,111.9212904516129,114.39999995000001
2017-02-16,118.839996,119.470001,118.470001,118.93,118.93,1649300,112.14031262499999,112.14031262499999,112.14031262499999,112.14031262499999,114.8569999
2017-02-17,118.790001,119.720001,118.239998,119.669998,119.669998,2143300,112.3684849090909,112.3684849090909,112.3684849090909,112.3684849090909,115.30499984999999
2017-02-21,119.730003,120.169998,119.309998,119.629997,119.629997,2032300,112.58205879411764,112.58205879411764,112.58205879411764,112.58205879411764,115.73799964999998
2017-02-22,119.669998,119.889999,118.849998,119.470001,119.470001,1981800,112.77885714285713,112.77885714285713,112.77885714285713,112.77885714285713,116.02549964999999
2017-02-23,120.099998,120.150002,118.029999,118.830002,118.830002,2381700,112.9469445,112.9469445,112.9469445,112.9469445,116.25449975
2017-02-24,118.300003,119.32,117.830002,119.309998,119.309998,1942500,113.11891891891891,113.11891891891891,113.11891891891891,113.11891891891891,116.5759998
2017-02-27,119.019997,119.199997,118.07,118.779999,118.779999,1550400,113.26789471052632,113.26789471052632,113.26789471052632,113.26789471052632,116.81549985
2017-02-28,118.830002,118.839996,118.019997,118.339996,118.339996,2008000,113.39794858974358,113.39794858974358,113.39794858974358,113.39794858974358,117.04149964999999
2017-03-01,119.239998,120.57,118.379997,120.349998,120.349998,2356500,113.57174982499998,113.57174982499998,113.57174982499998,113.57174982499998,117.3899997
2017-03-02,120.089996,120.120003,119.279999,119.900002,119.900002,1819700,113.72609743902439,113.72609743902439,113.72609743902439,113.9822498,117.71699974999999
2017-03-03,119.830002,120.129997,119.480003,120.040001,120.040001,1361100,113.87642847619047,113.87642847619047,113.87642847619047,114.37974985000001,118.06099959999999
2017-03-06,119.730003,120.480003,119.370003,120.150002,120.150002,1979700,114.02232553488373,114.02232553488373,114.02232553488373,114.73574980000001,118.30999979999999
2017-03-07,120.059998,120.690002,119.690002,119.980003,119.980003,1872500,114.15772729545455,114.15772729545455,114.15772729545455,115.0277498,118.58599999999998
2017-03-08,120.209999,120.660004,119.349998,119.599998,119.599998,2962800,114.27866664444444,114.27866664444444,114.27866664444444,115.30349974999999,118.81799994999999
2017-03-09,119.82,120.260002,119.110001,119.910004,119.910004,1984200,114.40108702173913,114.40108702173913,114.40108702173913,115.5947498,119.00700029999999
2017-03-10,120.57,121.370003,120.239998,121.089996,121.089996,2211000,114.54340423404254,114.54340423404254,114.54340423404254,115.89724974999999,119.23949999999999
2017-03-13,121.110001,121.959999,120.889999,121.800003,121.800003,1805200,114.694583375,114.694583375,114.694583375,116.227499925,119.48700024999998
2017-03-14,121.650002,121.989998,120.620003,121.440002,121.440002,1507500,114.83224497959183,114.83224497959183,114.83224497959183,116.55025,119.67650024999998
2017-03-15,122.0,122.419998,120.900002,122.110001,122.110001,2396300,114.97780010000001,114.97780010000001,114.97780010000001,116.90300002500001,119.90300019999998
2017-03-16,123.25,123.599998,121.529999,122.349998,122.349998,4044600,115.122353,115.122353,115.122353,117.24199995,120.08399994999998
2017-03-17,128.449997,130.300003,126.940002,127.010002,127.010002,8749900,115.35096163461539,115.35096163461539,115.35096163461539,117.67249997499998,120.48800004999998
2017-03-20,126.989998,128.089996,125.790001,126.309998,126.309998,3320900,115.55773590566037,115.55773590566037,115.55773590566037,118.06249994999999,120.82000005
2017-03-21,126.639999,127.360001,124.959999,125.07,125.07,3105300,115.73388894444443,115.73388894444443,115.73388894444443,118.41499992499999,121.0920002
2017-03-22,124.599998,126.940002,124.510002,126.209999,126.209999,3477300,115.92436367272725,115.92436367272725,115.92436367272725,118.72724987499998,121.42900010000001
2017-03-23,126.199997,127.25,126.010002,126.870003,126.870003,2197200,116.11982151785712,116.11982151785712,116.11982151785712,119.04274994999999,121.83100015
2017-03-24,127.860001,129.0,127.050003,127.699997,127.699997,3044000,116.32298249122805,116.32298249122805,116.32298249122805,119.41324994999998,122.2505001
2017-03-27,127.480003,128.839996,126.360001,128.25,128.25,2424200,116.52862072413791,116.52862072413791,116.52862072413791,119.76974999999997,122.72400015000001
2017-03-28,127.809998,129.279999,127.809998,128.690002,128.690002,2213000,116.73474583050846,116.73474583050846,116.73474583050846,120.14150004999999,123.24150044999999
2017-03-29,128.399994,129.630005,128.199997,129.580002,129.580002,2272500,116.9488334333333,116.9488334333333,116.9488334333333,120.54650017499998,123.70300064999999
2017-03-30,129.550003,130.279999,129.300003,129.610001,129.610001,2204800,117.15639355737703,117.15639355737703,117.15639355737703,120.95275017499998,124.1885006
2017-03-31,129.570007,130.690002,129.399994,130.130005,130.130005,2086400,117.36564535483869,117.36564535483869,117.36564535483869,121.37700019999997,124.69300080000001
2017-04-03,129.589996,130.75,128.880005,129.589996,129.589996,2336800,117.55968266666665,117.55968266666665,117.55968266666665,121.73750014999996,125.16500050000002
2017-04-04,129.470001,130.369995,129.020004,130.03999299999998,130.03999299999998,2026500,117.75468751562498,117.75468751562498,117.75468751562498,122.12699999999998,125.668
2017-04-05,130.580002,131.330002,129.380005,129.889999,129.889999,2811600,117.94138461538459,117.94138461538459,117.94138461538459,122.50024999999998,126.18250005
2017-04-06,129.860001,130.220001,129.160004,130.149994,130.149994,1890800,118.12636354545452,118.12636354545452,118.12636354545452,122.85074992499999,126.69449955
2017-04-07,130.149994,130.669998,129.520004,130.220001,130.220001,2287600,118.3068655970149,118.3068655970149,118.3068655970149,123.19524989999998,127.1509998
2017-04-10,130.320007,130.380005,129.470001,130.160004,130.160004,2234900,118.48117645588233,118.48117645588233,118.48117645588233,123.52800004999999,127.56899985
2017-04-11,129.910004,130.169998,128.21000700000002,129.949997,129.949997,2331600,118.6473912463768,118.6473912463768,118.6473912463768,123.83549992499998,127.99449960000001
2017-04-12,129.96000700000002,129.96000700000002,128.720001,129.380005,129.380005,2106100,118.8007143,118.8007143,118.8007143,124.13049999999998,128.35799980000002
2017-04-13,129.630005,130.419998,129.050003,129.050003,129.050003,1815100,118.94507047887323,118.94507047887323,118.94507047887323,124.3885,128.69300005
2017-04-17,129.690002,130.360001,129.110001,129.990005,129.990005,1395300,119.09847234722221,119.09847234722221,119.09847234722221,124.66500012499998,128.8420002
2017-04-18,129.740005,130.229996,129.479996,129.809998,129.809998,1499900,119.24520557534247,119.24520557534247,119.24520557534247,124.91850012499997,129.0170002
2017-04-19,129.899994,130.979996,129.820007,130.220001,130.220001,2007600,119.39351362162162,119.39351362162162,119.39351362162162,125.18325022499997,129.27450025000002
2017-04-20,130.699997,131.990005,130.279999,131.419998,131.419998,2004000,119.55386674666666,119.55386674666666,119.55386674666666,125.48200014999998,129.53500019999998
2017-04-21,131.839996,131.970001,131.029999,131.520004,131.520004,2137100,119.71131592105262,119.71131592105262,119.71131592105262,125.79925019999999,129.76750024999998
2017-04-24,132.940002,133.179993,132.169998,132.889999,132.889999,1845300,119.88246764935064,119.88246764935064,119.88246764935064,126.138750225,130.02700034999998
2017-04-25,133.440002,133.720001,132.880005,133.490005,133.490005,2504100,120.05692325641026,120.05692325641026,120.05692325641026,126.50650037499997,130.28900059999998
2017-04-26,133.5,133.800003,132.419998,132.78999299999998,132.78999299999998,1635900,120.21810135443039,120.21810135443039,120.21810135443039,126.86775029999998,130.49400014999998
2017-04-27,133.130005,134.25,132.759995,133.380005,133.380005,1658000,120.38262515000001,120.38262515000001,120.38262515000001,127.193500475,130.68400029999998
2017-04-28,133.399994,133.919998,132.669998,133.740005,133.740005,1749200,120.54753107407409,120.54753107407409,120.760875175,127.53950054999999,130.89050049999997
2017-05-01,134.300003,135.339996,133.71000700000002,135.110001,135.110001,1812000,120.72512217073172,120.72512217073172,121.1480002,127.91625054999997,131.13950029999998
2017-05-02,135.53999299999998,135.699997,134.75,135.0,135.0,2692200,120.89710865060243,120.89710865060243,121.51162515000001,128.28750049999996,131.41000049999997
2017-05-03,134.990005,135.21000700000002,134.380005,134.850006,134.850006,1974200,121.0632145714286,121.0632145714286,121.84350018750001,128.65925057499996,131.65050115
2017-05-04,135.130005,135.350006,134.410004,134.610001,134.610001,1810500,121.2225885294118,121.2225885294118,122.16900020000003,129.03450064999998,131.88650124999998
2017-05-05,135.190002,135.190002,134.190002,134.839996,134.839996,1845500,121.38093047674423,121.38093047674423,122.50125012500003,129.40775044999995,132.12100135
2017-05-08,135.360001,135.389999,134.220001,135.119995,135.119995,1583100,121.53885075862073,121.53885075862073,122.82787508750002,129.75850042499997,132.36600105
2017-05-09,135.330002,135.619995,134.899994,135.600006,135.600006,1692700,121.6986366136364,121.6986366136364,123.16550021250002,130.10350049999994,132.63800115
2017-05-10,135.860001,136.75,135.509995,136.149994,136.149994,1755400,121.86101141573037,121.86101141573037,123.51075015,130.47125029999995,132.948001
2017-05-11,135.979996,136.309998,135.399994,136.28999299999998,136.28999299999998,1343900,122.02133343333337,122.02133343333337,123.86437506250002,130.82575009999996,133.2935004
2017-05-12,136.449997,137.380005,135.889999,136.839996,136.839996,1626600,122.18417587912091,122.18417587912091,124.21500000000003,131.18800004999997,133.68300005
2017-05-15,137.130005,137.71000700000002,136.830002,137.600006,137.600006,3210200,122.35173925000005,122.35173925000005,124.56262506250005,131.45275014999996,134.0635001
2017-05-16,138.059998,138.389999,137.600006,138.029999,138.029999,2271800,122.52032268817209,122.52032268817209,124.90412506250004,131.74575017499996,134.47450014999998
2017-05-17,137.199997,137.320007,134.240005,134.330002,134.330002,3558500,122.64595757446814,122.64595757446814,125.19612507500005,131.97725022499998,134.6800002
2017-05-18,132.770004,134.850006,130.820007,134.53999299999998,134.53999299999998,4158700,122.77115794736848,122.77115794736848,125.45637497500006,132.185500075,134.83599995
2017-05-19,135.179993,136.610001,134.339996,136.429993,136.429993,3721700,122.91343747916672,122.91343747916672,125.73362488750006,132.42449982499997,135.0814994
2017-05-22,137.380005,139.190002,136.580002,138.860001,138.860001,2516000,123.07783504123718,123.07783504123718,126.05837493750005,132.703499925,135.3799995
2017-05-23,139.160004,139.949997,138.699997,139.520004,139.520004,2123600,123.24561227551027,123.24561227551027,126.37750001250006,132.98525002499997,135.68149945
2017-05-24,140.179993,141.25,139.809998,141.119995,141.119995,1695100,123.42616159595966,123.42616159595966,126.71874995000005,133.29599985,136.09799955
2017-05-25,142.160004,143.479996,141.800003,142.850006,142.850006,1731100,123.62040004000006,123.62040004000006,127.08712506250006,133.62774994999998,136.5714996
2017-05-26,142.929993,143.100006,141.669998,141.889999,141.889999,1604200,123.80128715841589,124.00450000000005,127.44375003750008,133.93474989999999,136.9789993
2017-05-30,141.800003,142.559998,141.5,142.410004,142.410004,1540800,123.98372555882356,124.38720005000003,127.80937503750008,134.24174987499998,137.34399945
2017-05-31,143.03999299999995,143.190002,141.410004,141.860001,141.860001,2944400,124.15728163106799,124.74670002000005,128.1430000750001,134.5485,137.6869995
2017-06-01,141.639999,142.490005,140.929993,141.380005,141.380005,2407700,124.32288474038465,125.07750004000005,128.4795001500001,134.83200029999998,138.01349944999998
2017-06-02,142.119995,143.570007,141.860001,143.479996,143.479996,2885700,124.50533341904766,125.42660000000005,128.83600011250007,135.17175022499998,138.45699919999998
2017-06-05,144.139999,144.339996,143.509995,143.589996,143.589996,1847600,124.68537740566042,125.77989994000005,129.17925010000008,135.50775027499998,138.89449919999998
2017-06-06,143.350006,144.169998,142.729996,143.029999,143.029999,2162700,124.85682246728977,126.12029995000006,129.5116250625001,135.82800022499998,139.2899994
2017-06-07,143.330002,143.770004,142.449997,143.619995,143.619995,1633800,125.03055554629634,126.47059994000004,129.84625002500007,136.16449999999998,139.69099884999997
2017-06-08,143.96000700000005,143.970001,141.740005,142.630005,142.630005,2781900,125.19201838532115,126.81160000000006,130.15850006250008,136.48150019999997,140.0149994
2017-06-09,143.139999,143.589996,135.759995,138.050003,138.050003,4146200,125.3089091545455,127.11210003000005,130.4143750750001,136.69825014999998,140.1029999
2017-06-12,133.720001,138.639999,131.199997,137.25,137.25,6772300,125.4164865495496,127.39670002000007,130.64587503750008,136.903250075,140.12350009999997
2017-06-13,138.78999299999998,139.860001,138.089996,139.089996,139.089996,2871400,125.5385714553572,127.68969997000008,130.89787498750007,137.13074984999997,140.19799959999997
2017-06-14,139.28999299999998,140.850006,136.410004,138.25,138.25,2831100,125.65106197345138,127.96509998000006,131.1301250125001,137.3417499,140.20899964999998
2017-06-15,136.630005,137.899994,134.449997,137.520004,137.520004,2804400,125.75517550000005,128.23060001000007,131.3537501000001,137.524249975,140.36849974999998
2017-06-16,137.350006,138.350006,136.28999299999998,137.839996,137.839996,4205800,125.86026089565223,128.47179996000008,131.5833750375001,137.68474992499998,140.53349989999998
2017-06-19,138.78999299999998,141.470001,138.639999,140.350006,140.350006,4356900,125.98517249137937,128.7328000200001,131.8523750875001,137.90549997499997,140.72950054999998
2017-06-20,141.21000700000005,142.300003,140.190002,140.910004,140.910004,5454700,126.11273515384622,129.01310009000008,132.12237516250008,138.1060001,140.83200069999998
2017-06-21,145.080002,147.449997,142.75,144.240005,144.240005,8251900,126.26635608474582,129.3156001600001,132.4406252375001,138.37475009999997,141.06800074999998
2017-06-22,145.149994,145.770004,143.660004,143.690002,143.690002,3688400,126.41277327731098,129.61430018000007,132.75750031250007,138.647250325,141.19650109999998
2017-06-23,143.75,145.589996,143.059998,145.410004,145.410004,3419000,126.57108353333338,129.93460025000007,133.07075038750006,138.9480003,141.32450099999997
2017-06-26,146.059998,146.889999,144.360001,144.96000700000005,144.96000700000005,2775500,126.72305810743805,130.2506003100001,133.38400045000006,139.22850035,141.47800139999998
2017-06-27,144.330002,144.809998,142.53999299999995,142.53999299999995,142.53999299999995,3018900,126.85270511475414,130.5444002000001,133.66525035000006,139.41425015,141.48450084999996
2017-06-28,143.009995,144.080002,141.149994,143.809998,143.809998,2507900,126.99056928455289,130.8308002000001,133.96100030000008,139.6345001,141.58200069999998
2017-06-29,143.059998,143.199997,139.649994,141.240005,141.240005,2653900,127.10548408870972,131.0986002600001,134.22675032500007,139.79425007499998,141.57500069999998
2017-06-30,141.869995,142.809998,140.740005,141.440002,141.440002,2331000,127.22016023200004,131.36340029000007,134.49975037500005,139.9650001,141.47300099999998
2017-07-03,141.729996,142.149994,138.309998,138.410004,138.410004,1786000,127.30896851587305,131.58620036000008,134.73100037500006,140.0542503,141.21400139999997
2017-07-05,138.649994,141.970001,138.550003,141.21000700000005,141.21000700000005,2229900,127.41842551181105,131.83390041000007,134.98250051250005,140.2065006,141.12300179999997
2017-07-06,139.729996,141.179993,138.880005,140.75,140.75,1803200,127.52257843750003,132.0729004300001,135.21937547500005,140.33525045000002,140.97950204999998
2017-07-07,141.070007,143.360001,140.970001,142.220001,142.220001,1533900,127.63651194573646,132.31860042000008,135.47912546250004,140.487000625,140.95900185
2017-07-10,142.21000700000005,143.880005,141.570007,143.339996,143.339996,1615200,127.7573079769231,132.5762003600001,135.74450040000005,140.6632507,141.2235015
2017-07-11,142.990005,143.979996,142.119995,142.929993,142.929993,1623700,127.87313000000003,132.81820026000005,136.00175033750006,140.81550062499997,141.50750115
2017-07-12,144.0,146.190002,143.78999299999995,145.910004,145.910004,1812100,128.00977298484852,133.08800030000006,136.23800036250003,141.023250575,141.84850154999998
2017-07-13,145.910004,146.479996,144.940002,145.050003,145.050003,1308300,128.13789501503763,133.34180035000006,136.47225042500003,141.19875067499999,142.1885017
2017-07-14,145.589996,146.479996,145.220001,146.160004,146.160004,2283800,128.2723883656717,133.60710042000005,136.73587547500003,141.49450072500002,142.62050169999998
2017-07-17,146.160004,146.729996,145.389999,146.399994,146.399994,1310400,128.40666692592598,133.87640035000007,136.9882504125,141.79100075000002,143.04850159999995
2017-07-18,146.470001,147.96000700000005,145.369995,147.889999,147.889999,1820800,128.54992672058827,134.16700032000006,137.2510003625,142.07750090000002,143.42550124999997
2017-07-19,147.889999,149.320007,147.5,148.919998,148.919998,1880100,128.69861337226283,134.46310032000005,137.516250375,142.32900082500004,143.82600094999995
2017-07-20,149.070007,150.100006,148.350006,149.940002,149.940002,1566000,128.8525364782609,134.77470035000005,137.7873754,142.58950077500003,144.11100079999994
2017-07-21,149.160004,150.399994,148.910004,149.520004,149.520004,1819800,129.0012232949641,135.08650043000003,138.047750425,142.79950100000002,144.40250089999995
2017-07-24,149.160004,149.949997,149.03999299999995,149.529999,149.529999,1503400,129.1478574071429,135.37830044000003,138.2971253875,142.96650082500005,144.60850064999994
2017-07-25,149.820007,149.899994,148.139999,148.21000700000005,148.21000700000005,1591800,129.28304995744685,135.66140049000003,138.5296254625,143.12450102500003,144.77100064999996
2017-07-26,148.619995,149.830002,148.419998,149.779999,149.779999,1363100,129.42739466901412,135.95880047000003,138.7752503875,143.30875090000004,145.13300094999994
2017-07-27,149.869995,150.369995,144.279999,146.199997,146.199997,3057900,129.54468559440562,136.21930042000002,138.98287539999998,143.41725080000003,145.25250089999994
2017-07-28,145.770004,147.240005,144.5,146.729996,146.729996,1407900,129.66402802777782,136.48680035000004,139.1915004375,143.55100057500005,145.52700044999995
2017-07-31,146.360001,146.910004,145.059998,146.490005,146.490005,2182100,129.78006924827588,136.75570042000004,139.39900051249998,143.62625080000004,145.77950059999995
2017-08-01,147.479996,147.649994,146.520004,147.360001,147.360001,1580300,129.90047973972605,137.03020039000003,139.6141256,143.72050092500004,146.22700044999996
2017-08-02,147.559998,147.600006,144.520004,147.130005,147.130005,2112000,130.01768739455784,137.29060048000005,139.82550065,143.82300107500004,146.52300034999996
2017-08-03,147.470001,147.979996,145.679993,147.78999299999995,147.78999299999995,1510600,130.13777054054054,137.55050038000005,140.0458755125,143.92725102500003,146.87499999999994
2017-08-04,148.25,148.619995,147.270004,147.71000700000005,147.71000700000005,1503500,130.25570501342284,137.81320043000005,140.26787563750003,144.05425107500002,147.14950029999994
2017-08-07,147.740005,148.899994,147.53999299999995,148.440002,148.440002,1455600,130.37693366000002,138.07650044000005,140.5061256,144.31400105000003,147.40450059999995
2017-08-08,148.139999,148.860001,146.360001,147.809998,147.809998,1508800,130.49238441721857,138.33110044000006,140.7406255375,144.57800100000003,147.64850084999995
2017-08-09,146.679993,148.5,146.5,148.350006,148.350006,1177900,130.60986876973686,138.54450048000007,140.97012555,144.80950125,147.77050094999996
2017-08-10,147.229996,147.740005,144.720001,144.919998,144.919998,1902000,130.7033990261438,138.73060048000005,141.15900055,144.97625120000004,147.76400069999994
2017-08-11,145.25,147.100006,144.179993,146.470001,146.470001,1382900,130.8057795584416,138.94460049000006,141.36212555,145.20000112500003,147.77950054999997
2017-08-14,147.809998,149.5,147.559998,149.160004,149.160004,1171600,130.92419390967748,139.17410054000004,141.583875625,145.48300132500003,147.91750104999997
2017-08-15,149.559998,150.649994,148.410004,150.360001,150.360001,1144100,131.0487824166667,139.40900052000003,141.8193755875,145.73325120000004,148.04100114999997
2017-08-16,150.699997,151.990005,149.759995,151.800003,151.800003,1455000,131.1809557961784,139.65000058000004,142.05575063749998,146.00550117500003,148.18500139999998
2017-08-17,151.660004,151.720001,148.190002,148.229996,148.229996,2125500,131.2888611139241,139.84980054000005,142.24000052499997,146.10525095000006,148.09950109999997
2017-08-18,147.740005,148.690002,147.119995,147.970001,147.970001,1699300,131.39377394339627,140.04260053000004,142.42975062499997,146.21225092500003,148.02200094999998
2017-08-21,148.050003,149.330002,147.570007,149.259995,149.259995,1244800,131.50543782500006,140.23940046000004,142.62825049999998,146.30850070000002,148.00850075
2017-08-22,150.139999,152.589996,150.139999,152.25,152.25,1981300,131.63428603726715,140.46580045000007,142.85962543749997,146.49075052500004,148.21050039999997
2017-08-23,152.179993,152.179993,150.75,151.100006,151.100006,1355000,131.7544448024692,140.67550046000005,143.05950049999996,146.70475085000004,148.27650075
2017-08-24,151.220001,151.830002,149.169998,150.809998,150.809998,1449400,131.87135003680987,140.88770048000006,143.25712547499998,146.87975085000002,148.5070008
2017-08-25,152.0,153.0,150.910004,151.449997,151.449997,1182300,131.99073203048786,141.10180052000004,143.46462536249996,147.13500065000002,148.74300085
2017-08-28,151.869995,152.5,151.190002,151.78999299999995,151.78999299999995,952600,132.1107275515152,141.32080046000007,143.67937526249997,147.39375042500004,149.00800024999998
2017-08-29,150.550003,152.759995,150.009995,152.139999,152.139999,1189000,132.23138581325307,141.54070051000005,143.89562529999995,147.73700030000003,149.24700015
2017-08-30,152.050003,154.259995,151.889999,153.669998,153.669998,1465900,132.359760736527,141.77520048000005,144.12750033749995,148.04850007500005,149.57399979999997
2017-08-31,154.360001,155.360001,154.350006,155.160004,155.160004,1895000,132.49547647023815,142.02520048000005,144.37200031249995,148.40875017500005,149.94250035
2017-09-01,155.759995,156.059998,154.380005,155.059998,155.059998,1321300,132.6289943491125,142.27630049000007,144.60837536249997,148.72975010000005,150.30999989999998
2017-09-05,154.830002,155.410004,153.309998,154.279999,154.279999,1274000,132.75635320000006,142.52530043000007,144.83325043749997,149.00325017500006,150.60199974999998
2017-09-06,155.110001,155.559998,153.610001,153.759995,153.759995,1224400,132.87918151461994,142.77240035000005,145.04475042499996,149.27400022500007,150.89949959999996
2017-09-07,154.490005,155.889999,153.639999,155.470001,155.470001,1445400,133.01052348837217,143.02720031000007,145.26812536249994,149.51300015000007,151.25549934999998
2017-09-08,155.240005,155.880005,154.28999299999995,155.339996,155.339996,1449900,133.1395955838151,143.28250029000006,145.48450032499994,149.77024997500004,151.77649924999997
2017-09-11,156.589996,157.889999,156.380005,156.869995,156.869995,1716000,133.27597718965524,143.54900023000005,145.76625023749995,150.03799975000004,152.29649894999997
2017-09-12,156.759995,157.220001,154.919998,156.309998,156.309998,1766400,133.40760016571434,143.79790023000007,146.03837529999993,150.28574985000003,152.65399865
2017-09-13,155.880005,156.699997,155.389999,156.240005,156.240005,1363900,133.53732973863643,144.04510024000007,146.28600044999993,150.49450000000002,152.94799885
2017-09-14,155.369995,156.199997,154.679993,154.949997,154.949997,1676400,133.65830525988707,144.26570022000007,146.4871253999999,150.645249975,153.10549855000002
2017-09-15,154.899994,155.190002,153.559998,154.490005,154.490005,3012800,133.77533728089892,144.47570022000008,146.67425041249993,150.75900005,153.41849900000003
2017-09-18,155.009995,156.300003,154.369995,155.770004,155.770004,2581000,133.89821251396654,144.70550033000006,146.85737552499992,150.91525005,153.80849915000002
2017-09-19,156.300003,157.050003,155.809998,156.600006,156.600006,4014800,134.02433358888896,144.93770034000008,147.02925052499992,151.09200022499996,154.17549970000002
2017-09-20,151.990005,152.399994,149.0,149.96000700000005,149.96000700000005,9372300,134.1123759834255,145.09990036000008,147.13012562499995,151.13575022499998,154.06100005000002
2017-09-21,150.380005,151.25,148.300003,149.300003,149.300003,4991800,134.19582448351656,145.24180038000006,147.21625061249995,151.12375032499997,153.9709999
2017-09-22,148.690002,149.5,147.850006,148.5,148.5,2929200,134.27398937704925,145.37680038000005,147.29925059999997,151.18125039999998,153.8555
2017-09-25,148.389999,148.71000700000005,143.949997,144.570007,144.570007,4869500,134.3299459945653,145.47400039000004,147.33912562499995,151.12725067499997,153.51150049999998
2017-09-26,145.5,146.350006,143.96000700000005,145.399994,145.399994,3280000,134.38978409189195,145.58190032000005,147.36312559999993,151.1000004,153.19200055
2017-09-27,146.309998,147.089996,145.75,146.429993,146.429993,2947600,134.45451639784955,145.69780029000006,147.39862556249994,151.0767502,152.90650025
2017-09-28,146.139999,147.320007,145.389999,146.830002,146.830002,1667000,134.52069546524072,145.81490036000005,147.44612559999993,151.069250125,152.56450045000003
2017-09-29,146.690002,149.279999,146.600006,149.179993,149.179993,2181300,134.59867045212775,145.95070023000005,147.51562557499994,151.10400012499997,152.26549990000004
2017-10-02,149.78999299999995,150.479996,147.520004,147.940002,147.940002,2341700,134.66925950793657,146.06860031000005,147.58200053749994,151.10975,151.9095001
2017-10-03,148.479996,148.800003,147.990005,148.600006,148.600006,1808200,134.74257922631585,146.19170044000006,147.71387557499992,151.11375009999998,151.62550045000003
2017-10-04,148.21000700000005,148.46000700000005,146.600006,147.949997,147.949997,2885600,134.81172801047128,146.30280045000006,147.84762553749994,151.11725007499996,151.33500055000005
2017-10-05,148.490005,150.449997,147.71000700000005,150.25,150.25,2413800,134.89213567708342,146.42930039000004,147.98712558749992,151.16474992499997,151.07400050000004
2017-10-06,149.96000700000005,151.360001,149.529999,151.119995,151.119995,2282800,134.976217849741,146.56020035000003,148.1480005249999,151.31974984999997,150.86300045000002
2017-10-09,150.759995,151.570007,150.25,151.5,151.5,1460900,135.06139198453616,146.73190033000003,148.3227504749999,151.44549982499998,150.59450070000003
2017-10-10,152.0,152.860001,151.320007,152.149994,152.149994,2817600,135.14902584102572,146.90800034000003,148.5016254499999,151.52024957499998,150.3865005
2017-10-11,152.089996,154.0,151.350006,153.649994,153.649994,2791000,135.24341853571437,147.08020035,148.66787529999988,151.6024994,150.25699995
2017-10-12,153.720001,154.850006,153.389999,153.610001,153.610001,2430000,135.3366499187818,147.22770035000002,148.8266252624999,151.64774934999997,150.19000015
2017-10-13,153.96000700000005,154.589996,153.059998,153.929993,153.929993,2515600,135.43055569191927,147.37180024,148.9477501124999,151.79024927499998,150.16199955
2017-10-16,151.149994,153.070007,149.279999,150.46000700000005,150.46000700000005,3833200,135.50608057286442,147.46520036,149.0323751749999,151.85249942499996,149.8964997
2017-10-17,150.520004,150.929993,148.149994,150.380005,150.380005,3547800,135.58045019500008,147.54050035000003,149.09450018749993,151.88049967499995,149.58549965
2017-10-18,150.330002,153.429993,149.029999,153.0,153.0,4290900,135.66711462189062,147.65160036,149.19500009999993,151.89924967499996,149.7374993
2017-10-19,165.5,172.149994,164.419998,171.729996,171.729996,13522600,135.84564373762385,147.94480028,149.55987513749992,152.41499942499996,150.85899895
2017-10-20,171.5,175.869995,171.360001,175.639999,175.639999,6019400,136.04167504433505,148.28260026,149.9577501499999,153.03574944999997,152.2159989
2017-10-23,175.679993,175.850006,171.830002,172.160004,172.160004,3220300,136.21872567647065,148.59040025,150.3442501374999,153.553499625,153.59549875
2017-10-24,171.470001,172.490005,170.490005,171.580002,171.580002,2658600,136.39121970731713,148.87140030999998,150.7210001374999,154.04824985,154.90449915000002
2017-10-25,170.369995,173.410004,170.03999299999995,171.830002,171.830002,2785700,136.56325263106802,149.15380037,151.13875011249993,154.54049992499998,156.17449960000002
2017-10-26,172.059998,175.020004,172.020004,173.75,173.75,2581200,136.74289875362325,149.46100037999997,151.54550002499994,155.04249997499997,157.5204995
2017-10-27,174.020004,177.580002,174.020004,177.330002,177.330002,2806400,136.93802905769238,149.79810045,152.00275004999995,155.59674992499995,158.92799995000001
2017-10-30,177.0,177.479996,174.449997,176.029999,176.029999,2124200,137.1250719760766,150.13210039,152.42537502499994,156.12099994999997,160.3324998
2017-10-31,176.160004,176.729996,174.520004,175.160004,175.160004,2656500,137.30619070000006,150.5032004,152.82312512499993,156.64300007499997,161.6604997
2017-11-01,176.589996,176.940002,174.699997,176.25,176.25,2002900,137.49075851658773,150.89320039999998,153.23962521249993,157.20525019999997,163.07549984999997
2017-11-02,178.020004,181.479996,175.800003,180.940002,180.940002,3262300,137.69570777830194,151.31170045999997,153.67750018749993,157.84200022499996,164.60999994999997
2017-11-03,181.759995,182.740005,179.639999,182.300003,182.300003,2244700,137.90511761502353,151.75220048999998,154.14312518749995,158.5160004,166.16900034999998
2017-11-06,182.009995,182.289993,180.539993,180.800003,180.800003,2021900,138.10556100467295,152.18500047999999,154.57612517499996,159.1142506,167.63400049999996
2017-11-07,181.229996,181.779999,180.110001,180.880005,180.880005,2544200,138.30451190697678,152.61540057,155.00712531249997,159.728500775,169.07050104999996
2017-11-08,181.190002,184.440002,181.059998,184.059998,184.059998,1791800,138.51634286111116,153.05250048999997,155.45925029999998,160.4240006,170.59100124999998
2017-11-09,182.880005,183.080002,179.029999,181.919998,181.919998,2704600,138.71635970506918,153.46260042999998,155.87175029999997,161.09825062500002,172.00650109999998
2017-11-10,181.0,182.059998,179.830002,181.720001,181.720001,2082600,138.91362411467895,153.83740038999997,156.26900028749998,161.77900052500001,173.39600149999995
2017-11-13,180.5,182.320007,179.75,181.850006,181.850006,1496100,139.1096806529681,154.21900043,156.6731253125,162.431000575,174.96550144999998
2017-11-14,181.979996,182.169998,180.309998,181.320007,181.320007,1549700,139.30154577272734,154.57810046,157.0705004125,163.04900060000003,176.51250154999997
2017-11-15,180.919998,181.729996,179.600006,180.080002,180.080002,1980900,139.4860636742082,154.92930041000002,157.46887535000002,163.80200047500003,177.86650164999998
2017-11-16,181.179993,182.440002,180.580002,182.300003,182.300003,1961200,139.6789192567568,155.32690051,157.8753754,164.62700047500002,178.39500199999995
2017-11-17,182.080002,182.910004,181.139999,182.240005,182.240005,1482100,139.8697761434978,155.71120058,158.3258755,165.4705006,178.72500229999997
2017-11-20,182.800003,183.429993,181.339996,182.339996,182.339996,1118100,140.05937533928576,156.12220049,158.7710005,166.414750325,179.23400189999998
2017-11-21,183.75,185.550003,182.839996,184.149994,184.149994,2036500,140.25533364444448,156.54930041,159.2417503625,167.383500325,179.86250149999995
2017-11-22,184.320007,184.5,182.619995,182.899994,182.899994,1546700,140.44402683185845,156.99420031000002,159.68600027500003,168.29525035,180.41600109999996
2017-11-24,182.960007,184.710007,182.960007,184.460007,184.460007,663000,140.63792982819388,157.42670031,160.1526253,169.23600047500003,180.95150144999997
2017-11-27,184.830002,185.839996,184.089996,185.0,185.0,1305100,140.83250031140355,157.86920031000002,160.6177503875,170.13150065000002,181.33500134999994
2017-11-28,185.619995,186.270004,184.369995,185.399994,185.399994,1647000,141.02711818777297,158.30100024,161.08887522499998,171.06800045000003,181.80350109999995
2017-11-29,183.869995,184.729996,175.309998,176.850006,176.850006,4320800,141.1828698739131,158.63610034,161.444000275,171.77425045,181.88800119999996
2017-11-30,178.139999,181.669998,176.550003,181.470001,181.470001,3976300,141.3572730389611,159.02150042000002,161.8647503125,172.61225055000003,182.14900124999997
2017-12-01,179.509995,182.0,177.130005,179.520004,179.520004,3016200,141.52176756896557,159.35760042,162.25437528749998,173.34400065000003,182.07800134999997
2017-12-04,180.339996,180.619995,168.429993,168.440002,168.440002,5931400,141.6372964721031,159.59150041,162.54837533749998,173.77700082500002,181.38500129999997
2017-12-05,167.690002,171.779999,165.679993,167.53999299999995,167.53999299999995,4698700,141.74799175641033,159.80530030000003,162.8117502375,174.17800065000003,180.7220008
2017-12-06,166.78999299999995,173.96000700000005,165.75,173.520004,173.520004,3773000,141.8831918085107,160.07650040000001,163.1162502375,174.71225090000002,180.35400074999998
2017-12-07,173.46000700000005,175.899994,172.130005,174.610001,174.610001,2442000,142.02186472881363,160.34370042000003,163.4193752375,175.236251075,179.88150089999996
2017-12-08,177.080002,177.199997,173.169998,173.570007,173.570007,2101800,142.15497925316464,160.59020051000005,163.6915002875,175.735251225,179.46400134999996
2017-12-11,173.770004,174.979996,173.199997,174.309998,174.309998,2776700,142.29008437394964,160.83390047000003,164.01750031249998,176.24475135000003,179.09350119999996
2017-12-12,172.690002,174.130005,170.429993,172.53999299999995,172.53999299999995,3924200,142.41665302928877,161.06410036000005,164.3246252125,176.79675100000003,178.62800054999997
2017-12-13,173.5,177.419998,173.28999299999995,176.830002,176.830002,4591700,142.5600419833334,161.33710039000005,164.6692503,177.45800092500002,178.40350029999996
2017-12-14,178.259995,178.720001,174.979996,175.0,175.0,4720900,142.69464761825733,161.60500032000004,164.9536253,178.00800092500003,178.14950019999998
2017-12-15,179.360001,179.979996,174.300003,177.509995,177.509995,9191700,142.8385126900827,161.88230028000007,165.28375016249998,178.15250090000004,177.90999979999998
2017-12-18,178.419998,179.149994,175.309998,176.740005,176.740005,3435400,142.9780250041153,162.18770036000006,165.60787524999998,178.18000105000004,177.63499979999997
2017-12-19,176.009995,176.759995,174.229996,174.970001,174.970001,2509500,143.10913965983613,162.47010041000007,165.90187529999997,178.25025097500003,177.26650004999996
2017-12-20,176.0,176.0,172.919998,174.25,174.25,2677300,143.23624521224497,162.7477003600001,166.18262538749997,178.31700092500003,176.77150034999997
2017-12-21,174.050003,175.320007,174.0,174.559998,174.559998,2164100,143.36357754065045,163.0197003300001,166.46287537499998,178.385250825,176.35450054999998
2017-12-22,173.990005,175.100006,173.75,175.0,175.0,1702600,143.49166022267212,163.29840028000007,166.72950039999998,178.416500825,175.88150019999998
2017-12-26,174.360001,175.0,173.029999,174.440002,174.440002,918400,143.61645192338716,163.5649003700001,166.97050037499997,178.34425082500005,175.35350029999998
2017-12-27,174.649994,175.440002,173.970001,175.360001,175.360001,1527800,143.74393605622498,163.84140031000007,167.2242504125,178.32750087500003,174.85150065
2017-12-28,175.919998,176.0,174.850006,175.550003,175.550003,1043700,143.87116032400004,164.11250032000007,167.49012546249998,178.33725085000003,174.78650049999996
2017-12-29,175.190002,176.970001,175.100006,175.240005,175.240005,1810300,143.99613580079688,164.38680039000008,167.75862558749998,178.31200097500002,174.47500069999995
2018-01-02,175.850006,177.800003,175.259995,177.699997,177.699997,2432800,144.1298812817461,164.68030030000006,168.0365005375,178.23100085000002,174.38400034999998
2018-01-03,178.0,181.889999,177.699997,181.039993,181.039993,2561200,144.27577105138346,165.04150025,168.35775049999998,178.19950060000002,175.0139999
2018-01-04,181.929993,184.059998,181.639999,183.220001,183.220001,2211400,144.42909479133866,165.40900025000002,168.68712557499998,178.26000055,175.79800029999998
2018-01-05,185.0,185.899994,183.539993,185.339996,185.339996,2376500,144.58952969803929,165.77080017,169.05000055,178.371500325,176.3889999
2018-01-08,184.949997,185.600006,183.830002,185.039993,185.039993,2088000,144.74753932031257,166.11760008999997,169.4100004,178.3960002,176.9104995
2018-01-09,185.570007,186.970001,183.929993,186.699997,186.699997,1804300,144.910778455253,166.46660002999997,169.8068754,178.515500175,177.566999
2018-01-10,185.210007,187.270004,185.070007,187.110001,187.110001,1664300,145.07434133333342,166.85540008,170.21462535,178.650250175,178.20699915
2018-01-11,187.289993,188.940002,186.190002,188.919998,188.919998,1600100,145.24362958301165,167.26490005,170.629000275,178.826999975,179.0259994
2018-01-12,189.089996,195.5,188.990005,195.050003,195.050003,4246000,145.43519255769237,167.72280013,171.10962523749998,179.17024987500002,179.93699944999997
2018-01-16,195.919998,198.210007,191.710007,192.460007,192.460007,4595600,145.61536426053647,168.1249002,171.64087523749998,179.47975000000002,180.80999979999999
2018-01-17,194.020004,197.119995,192.770004,196.490005,196.490005,2969500,145.80954227862603,168.57880019,172.23075026249998,179.83450005,181.7590003
2018-01-18,196.210007,196.589996,194.059998,196.199997,196.199997,2539400,146.00114096577954,169.03270018,172.82700022499998,180.18349985,182.7319999
2018-01-19,196.240005,196.630005,194.649994,195.729996,195.729996,2343000,146.1895078409092,169.47550016999998,173.46650008749998,180.51824985000002,183.76999965
2018-01-22,195.699997,198.0,194.419998,197.839996,197.839996,1701300,146.3844153433963,169.93600019999997,174.1220001125,180.86049989999998,184.94949945000002
2018-01-23,202.289993,204.449997,199.440002,200.089996,200.089996,3981000,146.5863160225565,170.41550016999997,174.79275015000002,181.29024994999997,186.22599935
2018-01-24,201.820007,202.300003,196.520004,197.779999,197.779999,3250500,146.77805266292145,170.85660017999996,175.4296251125,181.62324974999999,187.3649993
2018-01-25,198.080002,199.240005,196.070007,197.509995,197.509995,2574200,146.967350955224,171.28010008999993,176.03375013750002,181.935999625,188.51849895
2018-01-26,198.5,201.550003,198.25,201.300003,201.300003,2338100,147.16933107434951,171.74250013999995,176.70075015000003,182.33349985,189.81549905
2018-01-29,200.110001,200.860001,197.869995,198.229996,198.229996,1939000,147.35844464814824,172.18200010999993,177.32112502500001,182.86799960000002,190.9494987
2018-01-30,197.25,197.729996,194.889999,196.899994,196.899994,3343300,147.54125479335804,172.61340009999992,177.9329999875,183.25374942500002,192.03249814999998
2018-01-31,197.130005,200.960007,196.75,199.759995,199.759995,2747600,147.73323545588244,173.0563000399999,178.55187492500002,183.75974920000004,193.13549804999997
2018-02-01,199.119995,201.75,198.080002,199.380005,199.380005,2357900,147.92241776190485,173.4967001299999,179.15512505000004,184.53324927500003,194.05249865
